{
    "bitlord": [
        {
            "base": "https://bitlordsearch.com",
            "search": "/search?q=%s"
        }
    ],
    "eztv": [
        {
            "base": "https://eztv.io",
            "search": "/search/%s"
        },
        {
            "base": "https://eztv.re",
            "search": "/search/%s"
        },
        {
            "base": "https://eztv.ag",
            "search": "/search/%s"
        },
        {
            "base": "https://eztv.it",
            "search": "/search/%s"
        },
        {
            "base": "https://eztv.ch",
            "search": "/search/%s"
        },
        {
            "base": "https://eztv.unblocked.llc",
            "search": "/search/%s"
        },
        {
            "base": "https://eztv.unblocker.cc",
            "search": "/search/%s"
        }
    ],
    "kickass": [
        {
            "base": "https://kickass2.biz",
            "search": "/usearch/%s"
        },
        {
            "base": "https://kat.how",
            "search": "/usearch/%s"
        },
        {
            "base": "https://kat.li",
            "search": "/usearch/%s"
        },
        {
            "base": "https://kickass.cm",
            "search": "/usearch/%s"
        },
        {
            "base": "https://kickass2.st",
            "search": "/usearch/%s"
        },
        {
            "base": "https://kat.sx",
            "search": "/search.php?q=%s"
        },
        {
            "base": "https://thekat.info",
            "search": "/usearch/%s"
        },
        {
            "base": "https://kickass.unblocked.llc",
            "search": "/search.php?q=%s"
        }
    ],
    "leet": [
        {
            "base": "https://1337x.to",
            "search": "/sort-search/%s/size/desc/1/"
        },
        {
            "base": "https://1337x.st",
            "search": "/sort-search/%s/size/desc/1/"
        },
        {
            "base": "https://x1337x.ws",
            "search": "/sort-search/%s/size/desc/1/"
        },
        {
            "base": "https://x1337x.eu",
            "search": "/sort-search/%s/size/desc/1/"
        },
        {
            "base": "https://x1337x.se",
            "search": "/sort-search/%s/size/desc/1/"
        },
        {
            "base": "https://1337x.is",
            "search": "/sort-search/%s/size/desc/1/"
        },
        {
            "base": "https://1337x.unblocked.llc",
            "search": "/sort-search/%s/size/desc/1/"
        },
        {
            "base": "https://1337x.unblocker.cc",
            "search": "/sort-search/%s/size/desc/1/"
        },
        {
            "base": "https://1337x.unblockall.org",
            "search": "/sort-search/%s/size/desc/1/"
        }
    ],
    "lime": [
        {
            "base": "https://www.limetorrents.info",
            "search": "/search/all/%s"
        },
        {
            "base": "https://www.limetorrents.asia",
            "search": "/search/all/%s"
        },
        {
            "base": "https://www.limetorrents.zone",
            "search": "/search/all/%s"
        }
    ],
    "magnetdl": [
        {
            "base": "https://www.magnetdl.com",
            "search": "/%s/%s/"
        }
    ],
    "movcr": [
        {
            "base": "https://movcr.cc",
            "search": "/search/search.php?q=%s"
        }
    ],
    "nyaa": [
        {
            "base": "https://nyaa.si",
            "search": "/?f=0&c=1_0&q=%s"
        }
    ],
    "piratebay": [
        {
            "base": "https://thepiratebay.org",
            "search": "/search/%s/0/99/200"
        },
        {
            "base": "https://thepiratebay3.org",
            "search": "/index.php?q=%s&video=on&category=0&page=0&orderby=99"
        },
        {
            "base": "https://pirateproxy.bet",
            "search": "/search/%s/0/99/200"
        },
        {
            "base": "https://tpb.ukpass.co",
            "search": "/search/%s/0/99/200"
        },
        {
            "base": "https://thepiratebay.vip",
            "search": "/search/%s/0/99/200"
        },
        {
            "base": "https://theproxybay.net",
            "search": "/search.php?q=%s&video=on&category=0&page=0&orderby=99"
        },
        {
            "base": "https://thepiratebay.myunblock.com",
            "search": "/s/?q=%s&video=on&category=0&page=0&orderby=99"
        },
        {
            "base": "https://ikwilthepiratebay.org",
            "search": "/s/?q=%s&video=on&category=0&page=0&orderby=99"
        },
        {
            "base": "https://piratebayblocked.com",
            "search": "/search/%s/0/99/200"
        },
        {
            "base": "https://thepiratebay.unblockthe.net",
            "search": "/search/%s/0/99/200"
        },
        {
            "base": "http://tpb.filepit.to",
            "search": "/search/%s/0/99/200"
        },
        {
            "base": "https://tpbproxy.online",
            "search": "/search/%s/0/99/200"
        },
        {
            "base": "https://cruzing.xyz",
            "search": "/search/%s/0/99/200"
        },
        {
            "base": "https://thepiratebay.unblocker.cc",
            "search": "/search/%s/0/99/200"
        },
        {
            "base": "https://thepiratebay.unblockall.org",
            "search": "/search/%s/0/99/200"
        }
    ],
    "showrss": [
        {
            "base": "https://showrss.info",
            "search": "/browse"
        }
    ],
    "torrentapi": [
        {
            "base": "https://torrentapi.org/pubapi_v2.php?app_id=Torapi",
            "search": "&mode=search&search_string=%s&token=%s&limit=100&format=json_extended"
        }
    ],
    "torrentdownloads": [
        {
            "base": "https://www.torrentdownloads.me",
            "search": "/search/?search=%s"
        },
        {
            "base": "https://www.torrentdownloads.info",
            "search": "/search/?search=%s"
        }
    ],
    "torrentz2_": [
        {
            "base": "https://torrentz2.eu",
            "search": "/search?f=%s"
        },
        {
            "base": "https://torrentz2.is",
            "search": "/search?f=%s"
        }
    ],
    "torrentz2": [
        {
            "base": "https://torrentz2.cc",
            "search": "/search?f=%s"
        },
        {
            "base": "https://torrentz2.tv",
            "search": "/search?f=%s"
        }
    ],
    "yts": [
        {
            "base": "https://yts.am",
            "search": "/api/v2/list_movies.json?query_term=%s"
        },
        {
            "base": "https://yts.pm",
            "search": "/api/v2/list_movies.json?query_term=%s"
        },
        {
            "base": "https://yts.gs",
            "search": "/api/v2/list_movies.json?query_term=%s"
        },
        {
            "base": "https://www4.yify.is",
            "search": "/api/v2/list_movies.json?query_term=%s"
        },
        {
            "base": "https://yts.unblocked.vet",
            "search": "/api/v2/list_movies.json?query_term=%s"
        },
        {
            "base": "https://yts.unblocked.krd",
            "search": "/api/v2/list_movies.json?query_term=%s"
        },
        {
            "base": "https://ytss.unblocked.is",
            "search": "/api/v2/list_movies.json?query_term=%s"
        }
    ],
    "zooqle": [
        {
            "base": "https://zooqle.com",
            "search": "/search?q=%s"
        },
        {
            "base": "https://zooqle.me",
            "search": "/search?q=%s"
        },
        {
            "base": "https://zooqle.unblocked.llc",
            "search": "/search?q=%s"
        }
    ]
}